{
  "hash": "6581eb17",
  "configHash": "9ba01cef",
  "lockfileHash": "90fd35f0",
  "browserHash": "cd4033b2",
  "optimized": {
    "@angular/common": {
      "src": "../../../../../node_modules/@angular/common/fesm2022/common.mjs",
      "file": "@angular_common.js",
      "fileHash": "7dbc1d45",
      "needsInterop": false
    },
    "@angular/common/http": {
      "src": "../../../../../node_modules/@angular/common/fesm2022/http.mjs",
      "file": "@angular_common_http.js",
      "fileHash": "8acbfc2a",
      "needsInterop": false
    },
    "@angular/core": {
      "src": "../../../../../node_modules/@angular/core/fesm2022/core.mjs",
      "file": "@angular_core.js",
      "fileHash": "f41e4daa",
      "needsInterop": false
    },
    "@angular/forms": {
      "src": "../../../../../node_modules/@angular/forms/fesm2022/forms.mjs",
      "file": "@angular_forms.js",
      "fileHash": "61238c0b",
      "needsInterop": false
    },
    "@angular/platform-browser": {
      "src": "../../../../../node_modules/@angular/platform-browser/fesm2022/platform-browser.mjs",
      "file": "@angular_platform-browser.js",
      "fileHash": "f9ff5bdd",
      "needsInterop": false
    },
    "@angular/router": {
      "src": "../../../../../node_modules/@angular/router/fesm2022/router.mjs",
      "file": "@angular_router.js",
      "fileHash": "4f286607",
      "needsInterop": false
    }
  },
  "chunks": {
    "chunk-EIV35URQ": {
      "file": "chunk-EIV35URQ.js"
    },
    "chunk-6WV4UOYY": {
      "file": "chunk-6WV4UOYY.js"
    },
    "chunk-CBFBVWWL": {
      "file": "chunk-CBFBVWWL.js"
    },
    "chunk-AN5ADGNV": {
      "file": "chunk-AN5ADGNV.js"
    }
  }
}